Theme,Machine learning,GPU / HPC,Networking,Mobile / edge,ADAS / Grace,Research,Integration,CXL tutorial,Intel keynote,MLIR tutorial,Tesla keynote
Accelerator execution and dataflow,1.8,2.0,1.0,1.6666666666666667,1.3333333333333333,1.3333333333333333,0.25,0.0,0.0,0.5,N/A
Software and compilers,1.4,1.0,1.0,0.6666666666666666,0.3333333333333333,1.3333333333333333,0.5,0.5,1.0,2.0,N/A
Scale-up and scale-out fabrics,1.8,1.25,2.0,0.3333333333333333,1.0,0.0,1.0,1.5,0.0,0.0,N/A
Memory bandwidth and capacity,1.8,2.0,0.6666666666666666,0.3333333333333333,0.6666666666666666,1.0,0.5,1.75,0.0,0.0,N/A
Performance methodology,0.6,1.25,1.0,1.3333333333333333,1.3333333333333333,1.0,1.25,0.0,0.0,0.5,N/A
Power and cooling,0.8,0.5,0.0,1.6666666666666667,1.3333333333333333,1.0,1.0,0.0,1.0,0.0,N/A
Reliability and security,0.6,0.25,1.3333333333333333,0.6666666666666666,0.6666666666666666,0.6666666666666666,0.5,1.0,0.0,0.0,N/A
Packaging and chiplets,0.8,0.5,0.6666666666666666,0.0,0.0,0.0,1.5,0.0,2.0,0.0,N/A
Coherence and shared memory,0.4,1.0,0.6666666666666666,0.3333333333333333,0.6666666666666666,0.0,0.0,1.25,0.0,0.0,N/A
Precision and sparsity,1.2,1.0,0.0,0.3333333333333333,0.3333333333333333,0.3333333333333333,0.0,0.0,0.0,0.5,N/A
ISA and ecosystem,0.8,0.5,0.0,0.3333333333333333,0.3333333333333333,0.6666666666666666,0.0,0.0,0.0,0.5,N/A
CPU microarchitecture,0.4,0.0,0.3333333333333333,1.3333333333333333,0.3333333333333333,0.6666666666666666,0.0,0.0,0.0,0.0,N/A
Roadmap and availability,0.0,0.0,0.3333333333333333,0.0,0.0,0.3333333333333333,0.5,0.25,1.0,0.5,N/A
Cost and TCO,0.0,0.25,0.3333333333333333,0.0,0.3333333333333333,0.0,0.25,0.5,0.0,0.0,N/A
