year,primary_theme,theme,count,audience_denominator,share,source_profile
2017,reliability/security,Reliability and security,15,137,0.10948905109489052,new official YouTube caption review
2018,reliability/security,Reliability and security,34,142,0.23943661971830985,new official YouTube caption review
2019,reliability/security,Reliability and security,15,163,0.09202453987730061,new official YouTube caption review
2020,reliability/security,Reliability and security,13,126,0.10317460317460317,new official YouTube caption review
2021,reliability/security,Reliability and security,13,163,0.07975460122699386,new official YouTube caption review
2022,reliability/security,Reliability and security,13,186,0.06989247311827956,existing annual aggregate from prior caption analysis
2023,reliability/security,Reliability and security,12,116,0.10344827586206896,existing annual aggregate from prior caption analysis
2024,reliability/security,Reliability and security,12,161,0.07453416149068323,existing annual aggregate from prior caption analysis
2025,reliability/security,Reliability and security,11,131,0.08396946564885496,existing annual aggregate from prior caption analysis
2026,reliability/security,Reliability and security,80,1017,0.07866273352999016,existing mixed Slack and live Q&A aggregate
2017,fabrics,Scale-up and scale-out fabrics,6,137,0.043795620437956206,new official YouTube caption review
2018,fabrics,Scale-up and scale-out fabrics,3,142,0.02112676056338028,new official YouTube caption review
2019,fabrics,Scale-up and scale-out fabrics,28,163,0.17177914110429449,new official YouTube caption review
2020,fabrics,Scale-up and scale-out fabrics,16,126,0.12698412698412698,new official YouTube caption review
2021,fabrics,Scale-up and scale-out fabrics,9,163,0.05521472392638037,new official YouTube caption review
2022,fabrics,Scale-up and scale-out fabrics,30,186,0.16129032258064516,existing annual aggregate from prior caption analysis
2023,fabrics,Scale-up and scale-out fabrics,6,116,0.05172413793103448,existing annual aggregate from prior caption analysis
2024,fabrics,Scale-up and scale-out fabrics,12,161,0.07453416149068323,existing annual aggregate from prior caption analysis
2025,fabrics,Scale-up and scale-out fabrics,22,131,0.16793893129770993,existing annual aggregate from prior caption analysis
2026,fabrics,Scale-up and scale-out fabrics,103,1017,0.10127826941986234,existing mixed Slack and live Q&A aggregate
2017,performance methodology,Measurement and benchmarks,14,137,0.10218978102189781,new official YouTube caption review
2018,performance methodology,Measurement and benchmarks,14,142,0.09859154929577464,new official YouTube caption review
2019,performance methodology,Measurement and benchmarks,20,163,0.12269938650306748,new official YouTube caption review
2020,performance methodology,Measurement and benchmarks,9,126,0.07142857142857142,new official YouTube caption review
2021,performance methodology,Measurement and benchmarks,20,163,0.12269938650306748,new official YouTube caption review
2022,performance methodology,Measurement and benchmarks,11,186,0.05913978494623656,existing annual aggregate from prior caption analysis
2023,performance methodology,Measurement and benchmarks,12,116,0.10344827586206896,existing annual aggregate from prior caption analysis
2024,performance methodology,Measurement and benchmarks,8,161,0.049689440993788817,existing annual aggregate from prior caption analysis
2025,performance methodology,Measurement and benchmarks,12,131,0.0916030534351145,existing annual aggregate from prior caption analysis
2026,performance methodology,Measurement and benchmarks,102,1017,0.10029498525073746,existing mixed Slack and live Q&A aggregate
2017,packaging/chiplets,Packaging and chiplets,5,137,0.0364963503649635,new official YouTube caption review
2018,packaging/chiplets,Packaging and chiplets,6,142,0.04225352112676056,new official YouTube caption review
2019,packaging/chiplets,Packaging and chiplets,14,163,0.08588957055214724,new official YouTube caption review
2020,packaging/chiplets,Packaging and chiplets,8,126,0.06349206349206349,new official YouTube caption review
2021,packaging/chiplets,Packaging and chiplets,17,163,0.10429447852760736,new official YouTube caption review
2022,packaging/chiplets,Packaging and chiplets,14,186,0.07526881720430108,existing annual aggregate from prior caption analysis
2023,packaging/chiplets,Packaging and chiplets,15,116,0.12931034482758622,existing annual aggregate from prior caption analysis
2024,packaging/chiplets,Packaging and chiplets,15,161,0.09316770186335403,existing annual aggregate from prior caption analysis
2025,packaging/chiplets,Packaging and chiplets,19,131,0.1450381679389313,existing annual aggregate from prior caption analysis
2026,packaging/chiplets,Packaging and chiplets,119,1017,0.11701081612586037,existing mixed Slack and live Q&A aggregate
2017,power/cooling,Power and cooling,8,137,0.058394160583941604,new official YouTube caption review
2018,power/cooling,Power and cooling,14,142,0.09859154929577464,new official YouTube caption review
2019,power/cooling,Power and cooling,14,163,0.08588957055214724,new official YouTube caption review
2020,power/cooling,Power and cooling,8,126,0.06349206349206349,new official YouTube caption review
2021,power/cooling,Power and cooling,12,163,0.0736196319018405,new official YouTube caption review
2022,power/cooling,Power and cooling,15,186,0.08064516129032258,existing annual aggregate from prior caption analysis
2023,power/cooling,Power and cooling,18,116,0.15517241379310345,existing annual aggregate from prior caption analysis
2024,power/cooling,Power and cooling,21,161,0.13043478260869565,existing annual aggregate from prior caption analysis
2025,power/cooling,Power and cooling,7,131,0.05343511450381679,existing annual aggregate from prior caption analysis
2026,power/cooling,Power and cooling,84,1017,0.08259587020648967,existing mixed Slack and live Q&A aggregate
2017,software/compilers,Software and programming,10,137,0.072992700729927,new official YouTube caption review
2018,software/compilers,Software and programming,18,142,0.1267605633802817,new official YouTube caption review
2019,software/compilers,Software and programming,5,163,0.03067484662576687,new official YouTube caption review
2020,software/compilers,Software and programming,12,126,0.09523809523809523,new official YouTube caption review
2021,software/compilers,Software and programming,17,163,0.10429447852760736,new official YouTube caption review
2022,software/compilers,Software and programming,19,186,0.10215053763440861,existing annual aggregate from prior caption analysis
2023,software/compilers,Software and programming,11,116,0.09482758620689655,existing annual aggregate from prior caption analysis
2024,software/compilers,Software and programming,18,161,0.11180124223602485,existing annual aggregate from prior caption analysis
2025,software/compilers,Software and programming,4,131,0.030534351145038167,existing annual aggregate from prior caption analysis
2026,software/compilers,Software and programming,90,1017,0.08849557522123894,existing mixed Slack and live Q&A aggregate
2017,memory bandwidth/capacity,Memory bandwidth and capacity,13,137,0.0948905109489051,new official YouTube caption review
2018,memory bandwidth/capacity,Memory bandwidth and capacity,5,142,0.035211267605633804,new official YouTube caption review
2019,memory bandwidth/capacity,Memory bandwidth and capacity,8,163,0.049079754601226995,new official YouTube caption review
2020,memory bandwidth/capacity,Memory bandwidth and capacity,16,126,0.12698412698412698,new official YouTube caption review
2021,memory bandwidth/capacity,Memory bandwidth and capacity,9,163,0.05521472392638037,new official YouTube caption review
2022,memory bandwidth/capacity,Memory bandwidth and capacity,21,186,0.11290322580645161,existing annual aggregate from prior caption analysis
2023,memory bandwidth/capacity,Memory bandwidth and capacity,5,116,0.04310344827586207,existing annual aggregate from prior caption analysis
2024,memory bandwidth/capacity,Memory bandwidth and capacity,16,161,0.09937888198757763,existing annual aggregate from prior caption analysis
2025,memory bandwidth/capacity,Memory bandwidth and capacity,7,131,0.05343511450381679,existing annual aggregate from prior caption analysis
2026,memory bandwidth/capacity,Memory bandwidth and capacity,122,1017,0.119960668633235,existing mixed Slack and live Q&A aggregate
2017,roadmap/availability,Roadmap and availability,11,137,0.08029197080291971,new official YouTube caption review
2018,roadmap/availability,Roadmap and availability,6,142,0.04225352112676056,new official YouTube caption review
2019,roadmap/availability,Roadmap and availability,13,163,0.07975460122699386,new official YouTube caption review
2020,roadmap/availability,Roadmap and availability,9,126,0.07142857142857142,new official YouTube caption review
2021,roadmap/availability,Roadmap and availability,9,163,0.05521472392638037,new official YouTube caption review
2022,roadmap/availability,Roadmap and availability,11,186,0.05913978494623656,existing annual aggregate from prior caption analysis
2023,roadmap/availability,Roadmap and availability,3,116,0.02586206896551724,existing annual aggregate from prior caption analysis
2024,roadmap/availability,Roadmap and availability,7,161,0.043478260869565216,existing annual aggregate from prior caption analysis
2025,roadmap/availability,Roadmap and availability,5,131,0.03816793893129771,existing annual aggregate from prior caption analysis
2026,roadmap/availability,Roadmap and availability,42,1017,0.04129793510324484,existing mixed Slack and live Q&A aggregate
2017,coherence/shared memory,Coherence and ownership,7,137,0.051094890510948905,new official YouTube caption review
2018,coherence/shared memory,Coherence and ownership,2,142,0.014084507042253521,new official YouTube caption review
2019,coherence/shared memory,Coherence and ownership,3,163,0.018404907975460124,new official YouTube caption review
2020,coherence/shared memory,Coherence and ownership,4,126,0.031746031746031744,new official YouTube caption review
2021,coherence/shared memory,Coherence and ownership,4,163,0.024539877300613498,new official YouTube caption review
2022,coherence/shared memory,Coherence and ownership,14,186,0.07526881720430108,existing annual aggregate from prior caption analysis
2023,coherence/shared memory,Coherence and ownership,9,116,0.07758620689655173,existing annual aggregate from prior caption analysis
2024,coherence/shared memory,Coherence and ownership,14,161,0.08695652173913043,existing annual aggregate from prior caption analysis
2025,coherence/shared memory,Coherence and ownership,8,131,0.061068702290076333,existing annual aggregate from prior caption analysis
2026,coherence/shared memory,Coherence and ownership,40,1017,0.03933136676499508,existing mixed Slack and live Q&A aggregate
2017,ISA/ecosystem,ISA and compatibility,6,137,0.043795620437956206,new official YouTube caption review
2018,ISA/ecosystem,ISA and compatibility,10,142,0.07042253521126761,new official YouTube caption review
2019,ISA/ecosystem,ISA and compatibility,4,163,0.024539877300613498,new official YouTube caption review
2020,ISA/ecosystem,ISA and compatibility,5,126,0.03968253968253968,new official YouTube caption review
2021,ISA/ecosystem,ISA and compatibility,7,163,0.04294478527607362,new official YouTube caption review
2022,ISA/ecosystem,ISA and compatibility,7,186,0.03763440860215054,existing annual aggregate from prior caption analysis
2023,ISA/ecosystem,ISA and compatibility,6,116,0.05172413793103448,existing annual aggregate from prior caption analysis
2024,ISA/ecosystem,ISA and compatibility,6,161,0.037267080745341616,existing annual aggregate from prior caption analysis
2025,ISA/ecosystem,ISA and compatibility,7,131,0.05343511450381679,existing annual aggregate from prior caption analysis
2026,ISA/ecosystem,ISA and compatibility,54,1017,0.05309734513274336,existing mixed Slack and live Q&A aggregate
2017,CPU microarchitecture,CPU microarchitecture,9,137,0.06569343065693431,new official YouTube caption review
2018,CPU microarchitecture,CPU microarchitecture,5,142,0.035211267605633804,new official YouTube caption review
2019,CPU microarchitecture,CPU microarchitecture,4,163,0.024539877300613498,new official YouTube caption review
2020,CPU microarchitecture,CPU microarchitecture,0,126,0.0,new official YouTube caption review
2021,CPU microarchitecture,CPU microarchitecture,9,163,0.05521472392638037,new official YouTube caption review
2022,CPU microarchitecture,CPU microarchitecture,3,186,0.016129032258064516,existing annual aggregate from prior caption analysis
2023,CPU microarchitecture,CPU microarchitecture,4,116,0.034482758620689655,existing annual aggregate from prior caption analysis
2024,CPU microarchitecture,CPU microarchitecture,8,161,0.049689440993788817,existing annual aggregate from prior caption analysis
2025,CPU microarchitecture,CPU microarchitecture,8,131,0.061068702290076333,existing annual aggregate from prior caption analysis
2026,CPU microarchitecture,CPU microarchitecture,51,1017,0.05014749262536873,existing mixed Slack and live Q&A aggregate
2017,cost/TCO,Cost and TCO,5,137,0.0364963503649635,new official YouTube caption review
2018,cost/TCO,Cost and TCO,3,142,0.02112676056338028,new official YouTube caption review
2019,cost/TCO,Cost and TCO,2,163,0.012269938650306749,new official YouTube caption review
2020,cost/TCO,Cost and TCO,2,126,0.015873015873015872,new official YouTube caption review
2021,cost/TCO,Cost and TCO,1,163,0.006134969325153374,new official YouTube caption review
2022,cost/TCO,Cost and TCO,6,186,0.03225806451612903,existing annual aggregate from prior caption analysis
2023,cost/TCO,Cost and TCO,1,116,0.008620689655172414,existing annual aggregate from prior caption analysis
2024,cost/TCO,Cost and TCO,2,161,0.012422360248447204,existing annual aggregate from prior caption analysis
2025,cost/TCO,Cost and TCO,0,131,0.0,existing annual aggregate from prior caption analysis
2026,cost/TCO,Cost and TCO,25,1017,0.024582104228121928,existing mixed Slack and live Q&A aggregate
