year,primary_theme,theme,session,count,coverage
2020,execution/dataflow,Execution and dataflow,S5,4,available caption span reviewed; recording/caption omissions still possible
2020,execution/dataflow,Execution and dataflow,S4,0,available caption span reviewed; recording/caption omissions still possible
2020,execution/dataflow,Execution and dataflow,T1,2,partial captions; recovered asks only
2020,execution/dataflow,Execution and dataflow,S6,1,available caption span reviewed; recording/caption omissions still possible
2020,execution/dataflow,Execution and dataflow,S8,4,available caption span reviewed; recording/caption omissions still possible
2020,execution/dataflow,Execution and dataflow,T2,3,partial captions; recovered asks only
2020,execution/dataflow,Execution and dataflow,K1,0,available caption span reviewed; recording/caption omissions still possible
2020,execution/dataflow,Execution and dataflow,K2,2,available caption span reviewed; recording/caption omissions still possible
2020,execution/dataflow,Execution and dataflow,S3,1,available caption span reviewed; recording/caption omissions still possible
2020,execution/dataflow,Execution and dataflow,S7,1,available caption span reviewed; recording/caption omissions still possible
2020,execution/dataflow,Execution and dataflow,S2,0,available caption span reviewed; recording/caption omissions still possible
2020,execution/dataflow,Execution and dataflow,S1,0,available caption span reviewed; recording/caption omissions still possible
2020,memory bandwidth/capacity,Memory bandwidth and capacity,S5,2,available caption span reviewed; recording/caption omissions still possible
2020,memory bandwidth/capacity,Memory bandwidth and capacity,S4,5,available caption span reviewed; recording/caption omissions still possible
2020,memory bandwidth/capacity,Memory bandwidth and capacity,T1,1,partial captions; recovered asks only
2020,memory bandwidth/capacity,Memory bandwidth and capacity,S6,2,available caption span reviewed; recording/caption omissions still possible
2020,memory bandwidth/capacity,Memory bandwidth and capacity,S8,1,available caption span reviewed; recording/caption omissions still possible
2020,memory bandwidth/capacity,Memory bandwidth and capacity,T2,0,partial captions; recovered asks only
2020,memory bandwidth/capacity,Memory bandwidth and capacity,K1,1,available caption span reviewed; recording/caption omissions still possible
2020,memory bandwidth/capacity,Memory bandwidth and capacity,K2,1,available caption span reviewed; recording/caption omissions still possible
2020,memory bandwidth/capacity,Memory bandwidth and capacity,S3,0,available caption span reviewed; recording/caption omissions still possible
2020,memory bandwidth/capacity,Memory bandwidth and capacity,S7,2,available caption span reviewed; recording/caption omissions still possible
2020,memory bandwidth/capacity,Memory bandwidth and capacity,S2,0,available caption span reviewed; recording/caption omissions still possible
2020,memory bandwidth/capacity,Memory bandwidth and capacity,S1,1,available caption span reviewed; recording/caption omissions still possible
2020,fabrics,Scale-up and scale-out fabrics,S5,7,available caption span reviewed; recording/caption omissions still possible
2020,fabrics,Scale-up and scale-out fabrics,S4,0,available caption span reviewed; recording/caption omissions still possible
2020,fabrics,Scale-up and scale-out fabrics,T1,1,partial captions; recovered asks only
2020,fabrics,Scale-up and scale-out fabrics,S6,6,available caption span reviewed; recording/caption omissions still possible
2020,fabrics,Scale-up and scale-out fabrics,S8,0,available caption span reviewed; recording/caption omissions still possible
2020,fabrics,Scale-up and scale-out fabrics,T2,0,partial captions; recovered asks only
2020,fabrics,Scale-up and scale-out fabrics,K1,0,available caption span reviewed; recording/caption omissions still possible
2020,fabrics,Scale-up and scale-out fabrics,K2,0,available caption span reviewed; recording/caption omissions still possible
2020,fabrics,Scale-up and scale-out fabrics,S3,0,available caption span reviewed; recording/caption omissions still possible
2020,fabrics,Scale-up and scale-out fabrics,S7,2,available caption span reviewed; recording/caption omissions still possible
2020,fabrics,Scale-up and scale-out fabrics,S2,0,available caption span reviewed; recording/caption omissions still possible
2020,fabrics,Scale-up and scale-out fabrics,S1,0,available caption span reviewed; recording/caption omissions still possible
2020,reliability/security,Reliability and security,S5,0,available caption span reviewed; recording/caption omissions still possible
2020,reliability/security,Reliability and security,S4,0,available caption span reviewed; recording/caption omissions still possible
2020,reliability/security,Reliability and security,T1,4,partial captions; recovered asks only
2020,reliability/security,Reliability and security,S6,0,available caption span reviewed; recording/caption omissions still possible
2020,reliability/security,Reliability and security,S8,1,available caption span reviewed; recording/caption omissions still possible
2020,reliability/security,Reliability and security,T2,2,partial captions; recovered asks only
2020,reliability/security,Reliability and security,K1,1,available caption span reviewed; recording/caption omissions still possible
2020,reliability/security,Reliability and security,K2,1,available caption span reviewed; recording/caption omissions still possible
2020,reliability/security,Reliability and security,S3,1,available caption span reviewed; recording/caption omissions still possible
2020,reliability/security,Reliability and security,S7,0,available caption span reviewed; recording/caption omissions still possible
2020,reliability/security,Reliability and security,S2,2,available caption span reviewed; recording/caption omissions still possible
2020,reliability/security,Reliability and security,S1,1,available caption span reviewed; recording/caption omissions still possible
2020,software/compilers,Software and programming,S5,4,available caption span reviewed; recording/caption omissions still possible
2020,software/compilers,Software and programming,S4,0,available caption span reviewed; recording/caption omissions still possible
2020,software/compilers,Software and programming,T1,0,partial captions; recovered asks only
2020,software/compilers,Software and programming,S6,0,available caption span reviewed; recording/caption omissions still possible
2020,software/compilers,Software and programming,S8,0,available caption span reviewed; recording/caption omissions still possible
2020,software/compilers,Software and programming,T2,1,partial captions; recovered asks only
2020,software/compilers,Software and programming,K1,5,available caption span reviewed; recording/caption omissions still possible
2020,software/compilers,Software and programming,K2,1,available caption span reviewed; recording/caption omissions still possible
2020,software/compilers,Software and programming,S3,0,available caption span reviewed; recording/caption omissions still possible
2020,software/compilers,Software and programming,S7,1,available caption span reviewed; recording/caption omissions still possible
2020,software/compilers,Software and programming,S2,0,available caption span reviewed; recording/caption omissions still possible
2020,software/compilers,Software and programming,S1,0,available caption span reviewed; recording/caption omissions still possible
2020,performance methodology,Measurement and benchmarks,S5,0,available caption span reviewed; recording/caption omissions still possible
2020,performance methodology,Measurement and benchmarks,S4,0,available caption span reviewed; recording/caption omissions still possible
2020,performance methodology,Measurement and benchmarks,T1,3,partial captions; recovered asks only
2020,performance methodology,Measurement and benchmarks,S6,0,available caption span reviewed; recording/caption omissions still possible
2020,performance methodology,Measurement and benchmarks,S8,3,available caption span reviewed; recording/caption omissions still possible
2020,performance methodology,Measurement and benchmarks,T2,1,partial captions; recovered asks only
2020,performance methodology,Measurement and benchmarks,K1,0,available caption span reviewed; recording/caption omissions still possible
2020,performance methodology,Measurement and benchmarks,K2,2,available caption span reviewed; recording/caption omissions still possible
2020,performance methodology,Measurement and benchmarks,S3,0,available caption span reviewed; recording/caption omissions still possible
2020,performance methodology,Measurement and benchmarks,S7,0,available caption span reviewed; recording/caption omissions still possible
2020,performance methodology,Measurement and benchmarks,S2,0,available caption span reviewed; recording/caption omissions still possible
2020,performance methodology,Measurement and benchmarks,S1,0,available caption span reviewed; recording/caption omissions still possible
2020,roadmap/availability,Roadmap and availability,S5,3,available caption span reviewed; recording/caption omissions still possible
2020,roadmap/availability,Roadmap and availability,S4,1,available caption span reviewed; recording/caption omissions still possible
2020,roadmap/availability,Roadmap and availability,T1,0,partial captions; recovered asks only
2020,roadmap/availability,Roadmap and availability,S6,0,available caption span reviewed; recording/caption omissions still possible
2020,roadmap/availability,Roadmap and availability,S8,0,available caption span reviewed; recording/caption omissions still possible
2020,roadmap/availability,Roadmap and availability,T2,0,partial captions; recovered asks only
2020,roadmap/availability,Roadmap and availability,K1,0,available caption span reviewed; recording/caption omissions still possible
2020,roadmap/availability,Roadmap and availability,K2,1,available caption span reviewed; recording/caption omissions still possible
2020,roadmap/availability,Roadmap and availability,S3,2,available caption span reviewed; recording/caption omissions still possible
2020,roadmap/availability,Roadmap and availability,S7,1,available caption span reviewed; recording/caption omissions still possible
2020,roadmap/availability,Roadmap and availability,S2,0,available caption span reviewed; recording/caption omissions still possible
2020,roadmap/availability,Roadmap and availability,S1,1,available caption span reviewed; recording/caption omissions still possible
2020,packaging/chiplets,Packaging and chiplets,S5,6,available caption span reviewed; recording/caption omissions still possible
2020,packaging/chiplets,Packaging and chiplets,S4,0,available caption span reviewed; recording/caption omissions still possible
2020,packaging/chiplets,Packaging and chiplets,T1,0,partial captions; recovered asks only
2020,packaging/chiplets,Packaging and chiplets,S6,1,available caption span reviewed; recording/caption omissions still possible
2020,packaging/chiplets,Packaging and chiplets,S8,0,available caption span reviewed; recording/caption omissions still possible
2020,packaging/chiplets,Packaging and chiplets,T2,1,partial captions; recovered asks only
2020,packaging/chiplets,Packaging and chiplets,K1,0,available caption span reviewed; recording/caption omissions still possible
2020,packaging/chiplets,Packaging and chiplets,K2,0,available caption span reviewed; recording/caption omissions still possible
2020,packaging/chiplets,Packaging and chiplets,S3,0,available caption span reviewed; recording/caption omissions still possible
2020,packaging/chiplets,Packaging and chiplets,S7,0,available caption span reviewed; recording/caption omissions still possible
2020,packaging/chiplets,Packaging and chiplets,S2,0,available caption span reviewed; recording/caption omissions still possible
2020,packaging/chiplets,Packaging and chiplets,S1,0,available caption span reviewed; recording/caption omissions still possible
2020,power/cooling,Power and cooling,S5,0,available caption span reviewed; recording/caption omissions still possible
2020,power/cooling,Power and cooling,S4,4,available caption span reviewed; recording/caption omissions still possible
2020,power/cooling,Power and cooling,T1,0,partial captions; recovered asks only
2020,power/cooling,Power and cooling,S6,1,available caption span reviewed; recording/caption omissions still possible
2020,power/cooling,Power and cooling,S8,1,available caption span reviewed; recording/caption omissions still possible
2020,power/cooling,Power and cooling,T2,1,partial captions; recovered asks only
2020,power/cooling,Power and cooling,K1,0,available caption span reviewed; recording/caption omissions still possible
2020,power/cooling,Power and cooling,K2,0,available caption span reviewed; recording/caption omissions still possible
2020,power/cooling,Power and cooling,S3,0,available caption span reviewed; recording/caption omissions still possible
2020,power/cooling,Power and cooling,S7,0,available caption span reviewed; recording/caption omissions still possible
2020,power/cooling,Power and cooling,S2,1,available caption span reviewed; recording/caption omissions still possible
2020,power/cooling,Power and cooling,S1,0,available caption span reviewed; recording/caption omissions still possible
2020,precision/sparsity,Precision and sparsity,S5,2,available caption span reviewed; recording/caption omissions still possible
2020,precision/sparsity,Precision and sparsity,S4,1,available caption span reviewed; recording/caption omissions still possible
2020,precision/sparsity,Precision and sparsity,T1,2,partial captions; recovered asks only
2020,precision/sparsity,Precision and sparsity,S6,0,available caption span reviewed; recording/caption omissions still possible
2020,precision/sparsity,Precision and sparsity,S8,1,available caption span reviewed; recording/caption omissions still possible
2020,precision/sparsity,Precision and sparsity,T2,0,partial captions; recovered asks only
2020,precision/sparsity,Precision and sparsity,K1,0,available caption span reviewed; recording/caption omissions still possible
2020,precision/sparsity,Precision and sparsity,K2,0,available caption span reviewed; recording/caption omissions still possible
2020,precision/sparsity,Precision and sparsity,S3,0,available caption span reviewed; recording/caption omissions still possible
2020,precision/sparsity,Precision and sparsity,S7,0,available caption span reviewed; recording/caption omissions still possible
2020,precision/sparsity,Precision and sparsity,S2,0,available caption span reviewed; recording/caption omissions still possible
2020,precision/sparsity,Precision and sparsity,S1,0,available caption span reviewed; recording/caption omissions still possible
2020,ISA/ecosystem,ISA and compatibility,S5,0,available caption span reviewed; recording/caption omissions still possible
2020,ISA/ecosystem,ISA and compatibility,S4,0,available caption span reviewed; recording/caption omissions still possible
2020,ISA/ecosystem,ISA and compatibility,T1,0,partial captions; recovered asks only
2020,ISA/ecosystem,ISA and compatibility,S6,1,available caption span reviewed; recording/caption omissions still possible
2020,ISA/ecosystem,ISA and compatibility,S8,0,available caption span reviewed; recording/caption omissions still possible
2020,ISA/ecosystem,ISA and compatibility,T2,0,partial captions; recovered asks only
2020,ISA/ecosystem,ISA and compatibility,K1,1,available caption span reviewed; recording/caption omissions still possible
2020,ISA/ecosystem,ISA and compatibility,K2,0,available caption span reviewed; recording/caption omissions still possible
2020,ISA/ecosystem,ISA and compatibility,S3,3,available caption span reviewed; recording/caption omissions still possible
2020,ISA/ecosystem,ISA and compatibility,S7,0,available caption span reviewed; recording/caption omissions still possible
2020,ISA/ecosystem,ISA and compatibility,S2,0,available caption span reviewed; recording/caption omissions still possible
2020,ISA/ecosystem,ISA and compatibility,S1,0,available caption span reviewed; recording/caption omissions still possible
2020,coherence/shared memory,Coherence and ownership,S5,0,available caption span reviewed; recording/caption omissions still possible
2020,coherence/shared memory,Coherence and ownership,S4,3,available caption span reviewed; recording/caption omissions still possible
2020,coherence/shared memory,Coherence and ownership,T1,0,partial captions; recovered asks only
2020,coherence/shared memory,Coherence and ownership,S6,0,available caption span reviewed; recording/caption omissions still possible
2020,coherence/shared memory,Coherence and ownership,S8,0,available caption span reviewed; recording/caption omissions still possible
2020,coherence/shared memory,Coherence and ownership,T2,0,partial captions; recovered asks only
2020,coherence/shared memory,Coherence and ownership,K1,0,available caption span reviewed; recording/caption omissions still possible
2020,coherence/shared memory,Coherence and ownership,K2,0,available caption span reviewed; recording/caption omissions still possible
2020,coherence/shared memory,Coherence and ownership,S3,0,available caption span reviewed; recording/caption omissions still possible
2020,coherence/shared memory,Coherence and ownership,S7,0,available caption span reviewed; recording/caption omissions still possible
2020,coherence/shared memory,Coherence and ownership,S2,1,available caption span reviewed; recording/caption omissions still possible
2020,coherence/shared memory,Coherence and ownership,S1,0,available caption span reviewed; recording/caption omissions still possible
2020,cost/TCO,Cost and TCO,S5,1,available caption span reviewed; recording/caption omissions still possible
2020,cost/TCO,Cost and TCO,S4,1,available caption span reviewed; recording/caption omissions still possible
2020,cost/TCO,Cost and TCO,T1,0,partial captions; recovered asks only
2020,cost/TCO,Cost and TCO,S6,0,available caption span reviewed; recording/caption omissions still possible
2020,cost/TCO,Cost and TCO,S8,0,available caption span reviewed; recording/caption omissions still possible
2020,cost/TCO,Cost and TCO,T2,0,partial captions; recovered asks only
2020,cost/TCO,Cost and TCO,K1,0,available caption span reviewed; recording/caption omissions still possible
2020,cost/TCO,Cost and TCO,K2,0,available caption span reviewed; recording/caption omissions still possible
2020,cost/TCO,Cost and TCO,S3,0,available caption span reviewed; recording/caption omissions still possible
2020,cost/TCO,Cost and TCO,S7,0,available caption span reviewed; recording/caption omissions still possible
2020,cost/TCO,Cost and TCO,S2,0,available caption span reviewed; recording/caption omissions still possible
2020,cost/TCO,Cost and TCO,S1,0,available caption span reviewed; recording/caption omissions still possible
2020,CPU microarchitecture,CPU microarchitecture,S5,0,available caption span reviewed; recording/caption omissions still possible
2020,CPU microarchitecture,CPU microarchitecture,S4,0,available caption span reviewed; recording/caption omissions still possible
2020,CPU microarchitecture,CPU microarchitecture,T1,0,partial captions; recovered asks only
2020,CPU microarchitecture,CPU microarchitecture,S6,0,available caption span reviewed; recording/caption omissions still possible
2020,CPU microarchitecture,CPU microarchitecture,S8,0,available caption span reviewed; recording/caption omissions still possible
2020,CPU microarchitecture,CPU microarchitecture,T2,0,partial captions; recovered asks only
2020,CPU microarchitecture,CPU microarchitecture,K1,0,available caption span reviewed; recording/caption omissions still possible
2020,CPU microarchitecture,CPU microarchitecture,K2,0,available caption span reviewed; recording/caption omissions still possible
2020,CPU microarchitecture,CPU microarchitecture,S3,0,available caption span reviewed; recording/caption omissions still possible
2020,CPU microarchitecture,CPU microarchitecture,S7,0,available caption span reviewed; recording/caption omissions still possible
2020,CPU microarchitecture,CPU microarchitecture,S2,0,available caption span reviewed; recording/caption omissions still possible
2020,CPU microarchitecture,CPU microarchitecture,S1,0,available caption span reviewed; recording/caption omissions still possible
